Timestamp,Level,Message
2026-08-03 08:00:10,INFO,Application started
2026-08-03 08:05:22,INFO,User admin logged in
2026-08-03 08:12:35,WARNING,Database response is slow
2026-08-03 08:18:41,ERROR,Database connection failed
2026-08-03 08:20:05,INFO,Database connection restored
2026-08-03 08:30:17,INFO,Production data loaded
2026-08-03 08:45:29,WARNING,Memory usage is high
2026-08-03 09:02:13,ERROR,File could not be opened
2026-08-03 09:15:46,INFO,Report generated successfully
2026-08-03 09:25:38,ERROR,Database connection failed
2026-08-03 09:40:51,WARNING,Disk space is low
2026-08-03 10:05:04,INFO,User admin logged out
2026-08-03 10:15:27,ERROR,Authentication failed
2026-08-03 10:30:19,INFO,Backup process started
2026-08-03 10:45:33,INFO,Backup completed successfully
2026-08-03 11:00:42,WARNING,Network latency is high
2026-08-03 11:20:56,ERROR,Database connection failed
2026-08-03 11:35:11,INFO,Connection restored
2026-08-04 08:10:12,INFO,Server started
2026-08-04 08:20:25,WARNING,CPU usage is high
2026-08-04 08:35:41,ERROR,Network connection failed
2026-08-04 08:45:19,INFO,Network connection restored
2026-08-04 09:05:33,INFO,Scheduled task started
2026-08-04 09:15:48,ERROR,Scheduled task failed
2026-08-04 09:30:16,WARNING,Disk usage exceeded 80 percent
2026-08-04 09:45:27,INFO,Temporary files cleaned
2026-08-04 10:05:39,ERROR,Database connection failed
2026-08-04 10:20:54,INFO,Server health check completed
